{
  "run": 2,
  "segmented_time": 76.62772679328918,
  "adaptive_time": 28.515562057495117,
  "similarity": 0.6646720368239356,
  "segmented_length": 2159,
  "adaptive_length": 2186
}