{
  "run": 1,
  "segmented_time": 559.2628829479218,
  "adaptive_time": 185.82429480552673,
  "similarity": 0.33502301073834456,
  "segmented_length": 14651,
  "adaptive_length": 15335
}